English|Deutsch|Français|Español|Italiano
OPTIONS|EINSTELLUNGEN|PARAMÈTRES|AJUSTES|IMPOSTAZIONI
PLAYER|SPIELER|JOUEUR|JUGADOR|GIOCATORE
LANGUAGES|SPRACHEN|LANGUES|IDIOMAS|LINGUE
SOUND AND DISPLAY|TON UND ANZEIGE|SON ET AFFICHAGE|SONIDO Y PANTALLA|AUDIO E SCHERMO
Name on the leaderboard|Name in der Rangliste|Nom au classement|Nombre en la clasificación|Nome in classifica
Your nickname|Dein Spielername|Votre pseudo|Tu apodo|Il tuo soprannome
6 languages · Offline dictionaries|6 Sprachen · Offline-Wörterbücher|6 langues · Dictionnaires hors ligne|6 idiomas · Diccionarios sin conexión|6 lingue · Dizionari offline
SAVE|SPEICHERN|ENREGISTRER|GUARDAR|SALVA
BACK|ZURÜCK|RETOUR|VOLVER|INDIETRO
MUSIC|MUSIK|MUSIQUE|MÚSICA|MUSICA
SOUND EFFECTS|SOUNDEFFEKTE|EFFETS SONORES|EFECTOS DE SONIDO|EFFETTI SONORI
HAPTICS|VIBRATION|VIBRATIONS|VIBRACIÓN|VIBRAZIONE
REDUCED MOTION|WENIGER BEWEGUNG|ANIMATIONS RÉDUITES|MENOS ANIMACIONES|MENO ANIMAZIONI
INTERFACE LANGUAGE|MENÜSPRACHE|LANGUE DES MENUS|IDIOMA DE LA INTERFAZ|LINGUA DEI MENU
WORD DICTIONARY|WÖRTERSPRACHE|LANGUE DES MOTS|IDIOMA DE LAS PALABRAS|LINGUA DELLE PAROLE
LETTER CONNECTION|BUCHSTABEN VERBINDEN|LIAISON DES LETTRES|CONEXIÓN DE LETRAS|COLLEGAMENTO LETTERE
ADJACENT|BENACHBART|ADJACENTES|ADYACENTES|ADIACENTI
ANY LETTERS|BELIEBIG|LIBRES|CUALQUIERA|QUALSIASI
Applies to new duels. Saved duels keep their dictionary.|Gilt für neue Duelle. Gespeicherte behalten ihr Wörterbuch.|Pour les nouveaux duels. Les duels sauvegardés gardent leur dictionnaire.|Para nuevos duelos. Los guardados conservan su diccionario.|Per i nuovi duelli. Quelli salvati mantengono il dizionario.
HELP|HILFE|AIDE|AYUDA|AIUTO
JOURNAL|WÖRTERBUCH|LEXIQUE|DICCIONARIO|DIZIONARIO
CREDITS|MITWIRKENDE|CRÉDITS|CRÉDITOS|CREDITI
Use 3–20 letters or numbers.|Verwende 3–20 Buchstaben oder Ziffern.|Utilisez 3 à 20 lettres ou chiffres.|Usa entre 3 y 20 letras o números.|Usa da 3 a 20 lettere o numeri.
Name could not be saved|Name konnte nicht gespeichert werden|Impossible d’enregistrer le nom|No se pudo guardar el nombre|Impossibile salvare il nome
Could not save progress on this device|Fortschritt konnte nicht gespeichert werden|Impossible de sauvegarder la progression|No se pudo guardar el progreso|Impossibile salvare i progressi
PLAY|SPIELEN|JOUER|JUGAR|GIOCA
PLAY  >|SPIELEN  >|JOUER  >|JUGAR  >|GIOCA  >
CAMPAIGN|KAMPAGNE|CAMPAGNE|CAMPAÑA|CAMPAGNA
ENDLESS WORDS|ENDLOSE WÖRTER|MOTS SANS FIN|PALABRAS SIN FIN|PAROLE INFINITE
DAILY CHALLENGE|TAGESAUFGABE|DÉFI DU JOUR|DESAFÍO DIARIO|SFIDA GIORNALIERA
OPEN MAP|KARTE ÖFFNEN|OUVRIR LA CARTE|ABRIR MAPA|APRI MAPPA
ENTER ARENA|ARENA BETRETEN|ENTRER DANS L’ARÈNE|ENTRAR A LA ARENA|ENTRA NELL’ARENA
BEGIN|START|JOUER|INICIAR|INIZIA
PLAY CHALLENGE|HERAUSFORDERUNG|JOUER LE DÉFI|JUGAR DESAFÍO|GIOCA LA SFIDA
CONTINUE RUN|LAUF FORTSETZEN|POURSUIVRE|CONTINUAR PARTIDA|CONTINUA PARTITA
RECORDS|REKORDE|RECORDS|RÉCORDS|RECORD
ARSENAL|ARSENAL|ARSENAL|ARSENAL|ARSENALE
UPGRADES|VERBESSERUNGEN|AMÉLIORATIONS|MEJORAS|MIGLIORAMENTI
CONTINUE DUEL|DUELL FORTSETZEN|REPRENDRE LE DUEL|CONTINUAR DUELO|CONTINUA DUELLO
A new challenge every day|Jeden Tag eine neue Aufgabe|Un nouveau défi chaque jour|Un nuevo desafío cada día|Una nuova sfida ogni giorno
%d / 24 levels|%d / 24 Stufen|%d / 24 niveaux|%d / 24 niveles|%d / 24 livelli
Best wave: %d|Beste Welle: %d|Meilleure vague : %d|Mejor oleada: %d|Ondata record: %d
Best score: %d|Rekord: %d Punkte|Record : %d points|Récord: %d puntos|Record: %d punti
WAVE %d|WELLE %d|VAGUE %d|OLEADA %d|ONDATA %d
WAVE|WELLE|VAGUE|OLEADA|ONDATA
Wave|Welle|Vague|Oleada|Ondata
Words|Wörter|Mots|Palabras|Parole
Time|Zeit|Temps|Tiempo|Tempo
NEXT: BOSS|NÄCHSTER: BOSS|ENSUITE : BOSS|SIGUIENTE: JEFE|PROSSIMO: BOSS
BOSS AT WAVE %d|BOSS IN WELLE %d|BOSS À LA VAGUE %d|JEFE EN OLEADA %d|BOSS ALL’ONDATA %d
BOSS|BOSS|BOSS|JEFE|BOSS
BOSS DEFEATED|BOSS BESIEGT|BOSS VAINCU|JEFE DERROTADO|BOSS SCONFITTO
WAVE %d COMPLETE|WELLE %d GESCHAFFT|VAGUE %d TERMINÉE|OLEADA %d COMPLETADA|ONDATA %d COMPLETATA
Defeat enemies. Every fifth wave is a boss.|Besiege Gegner. Jede fünfte Welle hat einen Boss.|Battez les ennemis. Un boss toutes les cinq vagues.|Derrota enemigos. Hay un jefe cada cinco oleadas.|Sconfiggi i nemici. Un boss ogni cinque ondate.
CHOOSE YOUR POWER-UP|BONUS WÄHLEN|CHOISISSEZ UN BONUS|ELIGE TU POTENCIADOR|SCEGLI IL POTENZIAMENTO
The same power-ups as in the campaign.|Dieselben Boni wie in der Kampagne.|Les mêmes bonus que dans la campagne.|Los mismos potenciadores de la campaña.|Gli stessi potenziamenti della campagna.
One use until the next boss.|Ein Einsatz bis zum nächsten Boss.|Une utilisation jusqu’au prochain boss.|Un uso hasta el siguiente jefe.|Un utilizzo fino al prossimo boss.
Health and energy carry between waves.|Leben und Energie bleiben zwischen Wellen erhalten.|La vie et l’énergie sont conservées entre les vagues.|La salud y la energía se conservan entre oleadas.|Salute ed energia si mantengono tra le ondate.
CONTINUE — WAVE %d|WEITER — WELLE %d|CONTINUER — VAGUE %d|CONTINUAR — OLEADA %d|CONTINUA — ONDATA %d
RUN COMPLETE|LAUF BEENDET|PARCOURS TERMINÉ|PARTIDA TERMINADA|PARTITA TERMINATA
Reached wave %d|Welle %d erreicht|Vague %d atteinte|Oleada %d alcanzada|Raggiunta ondata %d
Score: %d|Punkte: %d|Score : %d|Puntos: %d|Punti: %d
%d words  •  %.0f seconds|%d Wörter  •  %.0f Sekunden|%d mots  •  %.0f secondes|%d palabras  •  %.0f segundos|%d parole  •  %.0f secondi
TRY AGAIN|ERNEUT VERSUCHEN|RÉESSAYER|REINTENTAR|RIPROVA
Try another loadout and beat your record.|Probiere andere Ausrüstung und schlage deinen Rekord.|Changez d’équipement et battez votre record.|Prueba otro equipo y supera tu récord.|Prova un altro equipaggiamento e supera il record.
SCORE|PUNKTE|SCORE|PUNTOS|PUNTI
GLOBAL TOP|WELTRANGLISTE|CLASSEMENT MONDIAL|CLASIFICACIÓN GLOBAL|CLASSIFICA GLOBALE
ENEMIES DEFEATED|BESIEGTE GEGNER|ENNEMIS VAINCUS|ENEMIGOS DERROTADOS|NEMICI SCONFITTI
WORDS|WÖRTER|MOTS|PALABRAS|PAROLE
TIME|ZEIT|TEMPS|TIEMPO|TEMPO
PERSONAL BEST|PERSÖNLICHER REKORD|RECORD PERSONNEL|RÉCORD PERSONAL|RECORD PERSONALE
HALL OF CHAMPIONS|HALLE DER CHAMPIONS|SALLE DES CHAMPIONS|SALÓN DE CAMPEONES|SALA DEI CAMPIONI
GLOBAL RANKING|WELTRANGLISTE|CLASSEMENT MONDIAL|CLASIFICACIÓN GLOBAL|CLASSIFICA GLOBALE
YOUR NAME|DEIN NAME|VOTRE NOM|TU NOMBRE|IL TUO NOME
SEND RESULT|ERGEBNIS SENDEN|ENVOYER LE SCORE|ENVIAR RESULTADO|INVIA RISULTATO
SEND|SENDEN|ENVOYER|ENVIAR|INVIA
SENDING…|SENDET…|ENVOI…|ENVIANDO…|INVIO…
SENT ✓|GESENDET ✓|ENVOYÉ ✓|ENVIADO ✓|INVIATO ✓
Check your name, then press SEND.|Prüfe deinen Namen und tippe auf SENDEN.|Vérifiez votre nom, puis appuyez sur ENVOYER.|Revisa tu nombre y pulsa ENVIAR.|Controlla il nome, poi premi INVIA.
Enter your nickname to send the result|Gib deinen Namen ein, um das Ergebnis zu senden|Saisissez votre pseudo pour envoyer le score|Introduce tu apodo para enviar el resultado|Inserisci il soprannome per inviare il risultato
Sending result…|Ergebnis wird gesendet…|Envoi du score…|Enviando resultado…|Invio del risultato…
Saved on device. Retry when online.|Auf dem Gerät gespeichert. Versuche es mit Internet erneut.|Enregistré sur l’appareil. Réessayez en ligne.|Guardado en el dispositivo. Reintenta con conexión.|Salvato sul dispositivo. Riprova quando sei online.
Result sent|Ergebnis gesendet|Score envoyé|Resultado enviado|Risultato inviato
Saving name…|Name wird gespeichert…|Enregistrement du nom…|Guardando nombre…|Salvataggio nome…
Name saved|Name gespeichert|Nom enregistré|Nombre guardado|Nome salvato
Loading ranking…|Rangliste wird geladen…|Chargement du classement…|Cargando clasificación…|Caricamento classifica…
No results yet. Be the first!|Noch keine Ergebnisse. Sei der Erste!|Aucun score. Soyez le premier !|Sin resultados. ¡Sé el primero!|Nessun risultato. Sii il primo!
TOP 10 · ALL RUNS|TOP 10 · ALLE LÄUFE|TOP 10 · TOUS LES PARCOURS|TOP 10 · TODAS LAS PARTIDAS|TOP 10 · TUTTE LE PARTITE
TODAY · |HEUTE · |AUJOURD’HUI · |HOY · |OGGI · 
CLOSE|SCHLIESSEN|FERMER|CERRAR|CHIUDI
MENU|MENÜ|MENU|MENÚ|MENU
CONTINUE|WEITER|CONTINUER|CONTINUAR|CONTINUA
RESUME|FORTSETZEN|REPRENDRE|REANUDAR|RIPRENDI
MAP|KARTE|CARTE|MAPA|MAPPA
NEXT >|WEITER >|SUIVANT >|SIGUIENTE >|AVANTI >
RETRY|WIEDERHOLEN|RÉESSAYER|REINTENTAR|RIPROVA
CANCEL|ABBRECHEN|ANNULER|CANCELAR|ANNULLA
START|STARTEN|COMMENCER|EMPEZAR|INIZIA
QUIT|BEENDEN|QUITTER|SALIR|ESCI
GOT IT|VERSTANDEN|COMPRIS|ENTENDIDO|CAPITO
YOU|DU|VOUS|TÚ|TU
READY|BEREIT|PRÊT|LISTO|PRONTO
HEAL|HEILUNG|SOIN|CURACIÓN|CURA
HEAVY HIT|SCHWERER SCHLAG|COUP PUISSANT|GOLPE FUERTE|COLPO POTENTE
ATTACK|ANGRIFF|ATTAQUE|ATAQUE|ATTACCO
%s IN %ds|%s IN %ds|%s DANS %ds|%s EN %ds|%s TRA %ds
ARMOR • 6 TILES|RÜSTUNG • 6 FELDER|ARMURE • 6 CASES|ARMADURA • 6 FICHAS|ARMATURA • 6 TESSERE
TOTAL DAMAGE|GESAMTSCHADEN|DÉGÂTS TOTAUX|DAÑO TOTAL|DANNI TOTALI
BASE DAMAGE|GRUNDSCHADEN|DÉGÂTS DE BASE|DAÑO BASE|DANNI BASE
%d ENERGY • DAMAGE %d–%d|%d ENERGIE • SCHADEN %d–%d|%d ÉNERGIE • DÉGÂTS %d–%d|%d ENERGÍA • DAÑO %d–%d|%d ENERGIA • DANNI %d–%d
SHIELD ×%d|SCHILD ×%d|BOUCLIER ×%d|ESCUDO ×%d|SCUDO ×%d
PULSE|IMPULS|IMPULSION|PULSO|IMPULSO
BREACH|DURCHBRUCH|BRÈCHE|BRECHA|BRECCIA
EMBER|GLUT|BRAISE|BRASA|BRACE
RESONATOR|RESONATOR|RÉSONATEUR|RESONADOR|RISONATORE
AEGIS|SCHILD|ÉGIDE|ÉGIDA|EGIDA
MIRROR|SPIEGEL|MIROIR|ESPEJO|SPECCHIO
BASTION|BASTION|BASTION|BASTIÓN|BASTIONE
ARC|BOGEN|ARC|ARCO|ARCO
SEAL|SIEGEL|SCEAU|SELLO|SIGILLO
MEND|HEILUNG|SOIN|SANACIÓN|CURA
BLOOM|BLÜTE|FLORAISON|RENOVACIÓN|RINASCITA
SIPHON|ENTZUG|DRAIN|DRENAJE|DRENAGGIO
LEXICON SEAL|LEXIKONSIEGEL|SCEAU DU LEXIQUE|SELLO DEL LÉXICO|SIGILLO DEL LESSICO
RESERVE CELL|RESERVEZELLE|CELLULE DE RÉSERVE|CELDA DE RESERVA|CELLA DI RISERVA
STRIKE|ANGRIFF|FRAPPE|GOLPE|COLPO
GUARD|SCHUTZ|GARDE|DEFENSA|DIFESA
CONTROL|KONTROLLE|CONTRÔLE|CONTROL|CONTROLLO
RESTORE|HEILUNG|RESTAURATION|RESTAURACIÓN|RIPRISTINO
ARTIFACTS|ARTEFAKTE|ARTEFACTS|ARTEFACTOS|ARTEFATTI
YOUR LOADOUT|DEINE AUSRÜSTUNG|VOTRE ÉQUIPEMENT|TU EQUIPO|IL TUO EQUIPAGGIAMENTO
AVAILABLE|VERFÜGBAR|DISPONIBLE|DISPONIBLE|DISPONIBILE
EQUIP|AUSRÜSTEN|ÉQUIPER|EQUIPAR|EQUIPAGGIA
EQUIPPED|AUSGERÜSTET|ÉQUIPÉ|EQUIPADO|EQUIPAGGIATO
LOCKED|GESPERRT|VERROUILLÉ|BLOQUEADO|BLOCCATO
LOCK|GESPERRT|VERROUILLÉ|BLOQUEADO|BLOCCATO
REMOVE ARTIFACT|ARTEFAKT ABLEGEN|RETIRER L’ARTEFACT|QUITAR ARTEFACTO|RIMUOVI ARTEFATTO
PASSIVE • NO ENERGY|PASSIV • KEINE ENERGIE|PASSIF • SANS ÉNERGIE|PASIVO • SIN ENERGÍA|PASSIVO • SENZA ENERGIA
%d ENERGY • %s %d|%d ENERGIE • %s %d|%d ÉNERGIE • %s %d|%d ENERGÍA • %s %d|%d ENERGIA • %s %d
Win with a word of 7+ tiles|Gewinne mit einem Wort aus mindestens 7 Feldern|Gagnez avec un mot d’au moins 7 cases|Gana con una palabra de 7 fichas o más|Vinci con una parola di almeno 7 tessere
Win encounter %d to unlock|Gewinne Begegnung %d zum Freischalten|Gagnez le combat %d pour débloquer|Gana el encuentro %d para desbloquear|Vinci lo scontro %d per sbloccare
New selections apply to your next duel|Neue Auswahl gilt für das nächste Duell|Les choix s’appliquent au prochain duel|Los cambios se aplican al próximo duelo|Le scelte valgono per il prossimo duello
LEVEL %d • SHARED BY COLOR|STUFE %d • PRO FARBE GETEILT|NIVEAU %d • PARTAGÉ PAR COULEUR|NIVEL %d • COMPARTIDO POR COLOR|LIVELLO %d • CONDIVISO PER COLORE
Variants share upgrades|Varianten teilen Verbesserungen|Les variantes partagent les améliorations|Las variantes comparten mejoras|Le varianti condividono i miglioramenti
LEVEL %d|STUFE %d|NIVEAU %d|NIVEL %d|LIVELLO %d
LEVEL %d  >  %d|STUFE %d  >  %d|NIVEAU %d  >  %d|NIVEL %d  >  %d|LIVELLO %d  >  %d
DAMAGE|SCHADEN|DÉGÂTS|DAÑO|DANNI
PROTECTION|SCHUTZ|PROTECTION|PROTECCIÓN|PROTEZIONE
HEALING|HEILUNG|SOINS|CURACIÓN|CURA
CHARGE   %d ENERGY|LADUNG   %d ENERGIE|CHARGE   %d ÉNERGIE|CARGA   %d ENERGÍA|CARICA   %d ENERGIA
MAX LEVEL|HÖCHSTE STUFE|NIVEAU MAXIMUM|NIVEL MÁXIMO|LIVELLO MASSIMO
UPGRADE  ◈ %d|VERBESSERN  ◈ %d|AMÉLIORER  ◈ %d|MEJORAR  ◈ %d|MIGLIORA  ◈ %d
Fully upgraded|Vollständig verbessert|Amélioration maximale|Mejora máxima|Miglioramento massimo
Earn coins in campaign|Verdiene Münzen in der Kampagne|Gagnez des pièces en campagne|Gana monedas en la campaña|Guadagna monete nella campagna
Balance after: %d|Danach übrig: %d|Solde restant : %d|Saldo restante: %d|Saldo residuo: %d
POWER-UPS|BONI|BONUS|POTENCIADORES|POTENZIAMENTI
UPGRADE >|VERBESSERN >|AMÉLIORER >|MEJORAR >|MIGLIORA >
CHOOSE ONE FOR BATTLE|EINEN FÜR DEN KAMPF WÄHLEN|CHOISISSEZ UN BONUS|ELIGE UNO PARA LA BATALLA|SCEGLINE UNO PER LA BATTAGLIA
TIME FREEZE|ZEITSTOPP|ARRÊT DU TEMPS|TIEMPO CONGELADO|BLOCCO TEMPORALE
FRESH BOARD|NEUES FELD|NOUVELLE GRILLE|TABLERO NUEVO|NUOVO TABELLONE
OVERCHARGE|ÜBERLADUNG|SURCHARGE|SOBRECARGA|SOVRACCARICA
Stop the enemy for 8s|Stoppt den Gegner für 8s|Arrête l’ennemi pendant 8s|Detiene al enemigo durante 8s|Ferma il nemico per 8s
A new field of letters|Ein neues Buchstabenfeld|Une nouvelle grille de lettres|Un tablero de letras nuevo|Un nuovo tabellone di lettere
Double your next word|Verdoppelt dein nächstes Wort|Double votre prochain mot|Duplica tu siguiente palabra|Raddoppia la prossima parola
TAP TO EQUIP|ZUM AUSRÜSTEN TIPPEN|TOUCHEZ POUR ÉQUIPER|TOCA PARA EQUIPAR|TOCCA PER EQUIPAGGIARE
ONE FREE USE PER DUEL|EINMAL GRATIS PRO DUELL|UN USAGE GRATUIT PAR DUEL|UN USO GRATIS POR DUELO|UN USO GRATIS PER DUELLO
BATTLE >|ZUM KAMPF >|COMBATTRE >|A LUCHAR >|COMBATTI >
VICTORY|SIEG|VICTOIRE|VICTORIA|VITTORIA
DEFEATED|BESIEGT|DÉFAITE|DERROTA|SCONFITTA
RISE AGAIN|ERNEUT ANTRETEN|RELEVEZ-VOUS|INTÉNTALO DE NUEVO|RIALZATI
LEVEL %d COMPLETE|STUFE %d GESCHAFFT|NIVEAU %d TERMINÉ|NIVEL %d COMPLETADO|LIVELLO %d COMPLETATO
CONGRATULATIONS!|GLÜCKWUNSCH!|FÉLICITATIONS !|¡FELICIDADES!|CONGRATULAZIONI!
You have unlocked|Freigeschaltet|Vous avez débloqué|Has desbloqueado|Hai sbloccato
NEW EQUIPMENT|NEUE AUSRÜSTUNG|NOUVEL ÉQUIPEMENT|EQUIPO NUEVO|NUOVO EQUIPAGGIAMENTO
Choose it in the Arsenal before your next duel.|Wähle es vor dem nächsten Duell im Arsenal.|Équipez-le dans l’arsenal avant le prochain duel.|Equípalo en el arsenal antes del próximo duelo.|Sceglilo nell’arsenale prima del prossimo duello.
%d more to reveal|Noch %d zu entdecken|Encore %d à découvrir|Faltan %d por descubrir|Ancora %d da scoprire
Victory reward: %s|Siegesbelohnung: %s|Récompense : %s|Recompensa: %s|Ricompensa: %s
Unlocked: %s|Freigeschaltet: %s|Débloqué : %s|Desbloqueado: %s|Sbloccato: %s
NEW EQUIPMENT: %s|NEUE AUSRÜSTUNG: %s|NOUVEL ÉQUIPEMENT : %s|EQUIPO NUEVO: %s|NUOVO EQUIPAGGIAMENTO: %s
DEFEATED BY %s|BESIEGT VON %s|VAINCU PAR %s|DERROTADO POR %s|SCONFITTO DA %s
Enemy health remaining: %d / %d|Verbleibendes Gegnerleben: %d / %d|Vie ennemie restante : %d / %d|Salud enemiga restante: %d / %d|Salute nemica rimasta: %d / %d
%.0f seconds|%.0f Sekunden|%.0f secondes|%.0f segundos|%.0f secondi
WORDS FOUND|GEFUNDENE WÖRTER|MOTS TROUVÉS|PALABRAS ENCONTRADAS|PAROLE TROVATE
TIME IN BATTLE|KAMPFDAUER|TEMPS DE COMBAT|TIEMPO EN BATALLA|TEMPO IN BATTAGLIA
COINS KEPT|BEHALTENE MÜNZEN|PIÈCES CONSERVÉES|MONEDAS CONSERVADAS|MONETE CONSERVATE
FOR YOUR NEXT ATTEMPT|FÜR DEN NÄCHSTEN VERSUCH|POUR VOTRE PROCHAIN ESSAI|PARA TU PRÓXIMO INTENTO|PER IL PROSSIMO TENTATIVO
CAMPAIGN COMPLETE|KAMPAGNE ABGESCHLOSSEN|CAMPAGNE TERMINÉE|CAMPAÑA COMPLETADA|CAMPAGNA COMPLETATA
PAUSED|PAUSE|PAUSE|PAUSA|PAUSA
Your duel is safely paused.|Dein Duell ist pausiert.|Votre duel est en pause.|Tu duelo está en pausa.|Il duello è in pausa.
Progress is saved on this device.|Fortschritt wird auf diesem Gerät gespeichert.|La progression est sauvegardée sur cet appareil.|El progreso se guarda en este dispositivo.|I progressi sono salvati su questo dispositivo.
SOUND|TON|SON|SONIDO|AUDIO
ON|AN|OUI|SÍ|SÌ
OFF|AUS|NON|NO|NO
FREE|FREI|LIBRE|LIBRE|LIBERO
HOW TO PLAY|SPIELANLEITUNG|COMMENT JOUER|CÓMO JUGAR|COME GIOCARE
WORD JOURNAL|WORTTAGEBUCH|JOURNAL DES MOTS|DIARIO DE PALABRAS|DIARIO DELLE PAROLE
PAGE %d|SEITE %d|PAGE %d|PÁGINA %d|PAGINA %d
Use at least three letters|Verbinde mindestens drei Buchstaben|Reliez au moins trois lettres|Une al menos tres letras|Collega almeno tre lettere
Not in the selected dictionary|Nicht im gewählten Wörterbuch|Absent du dictionnaire choisi|No está en el diccionario elegido|Non presente nel dizionario scelto
Already found — try a different word|Bereits gefunden — versuche ein anderes Wort|Déjà trouvé — essayez un autre mot|Ya encontrada — prueba otra palabra|Già trovata — prova un’altra parola
★ Joker replaces one letter. The word resolves automatically.|★ Joker ersetzt einen Buchstaben. Das Wort wird automatisch erkannt.|★ Le joker remplace une lettre. Le mot est reconnu automatiquement.|★ El comodín sustituye una letra. La palabra se reconoce automáticamente.|★ Il jolly sostituisce una lettera. La parola viene riconosciuta automaticamente.
HINT: %s|TIPP: %s|INDICE : %s|PISTA: %s|INDIZIO: %s
Loading…|Lädt…|Chargement…|Cargando…|Caricamento…
Preparing…|Wird vorbereitet…|Préparation…|Preparando…|Preparazione…
PRACTICE|ÜBUNG|ENTRAÎNEMENT|PRÁCTICA|ALLENAMENTO
PLAY RANKED|RANGLISTE SPIELEN|JOUER CLASSÉ|JUGAR CLASIFICATORIA|GIOCA IN CLASSIFICA
REFRESH|AKTUALISIEREN|ACTUALISER|ACTUALIZAR|AGGIORNA
CLEAR|LÖSCHEN|EFFACER|BORRAR|CANCELLA
SUBMIT|BESTÄTIGEN|VALIDER|CONFIRMAR|CONFERMA
LEADERBOARD|RANGLISTE|CLASSEMENT|CLASIFICACIÓN|CLASSIFICA
RETRY UPLOAD|ERNEUT SENDEN|RENVOYER|REENVIAR|INVIA DI NUOVO
PRACTICE AGAIN|ERNEUT ÜBEN|S’ENTRAÎNER ENCORE|PRACTICAR OTRA VEZ|ALLENATI ANCORA
KEEP PLAYING|WEITERSPIELEN|CONTINUER|SEGUIR JUGANDO|CONTINUA A GIOCARE
LEAVE CHALLENGE|AUFGABE VERLASSEN|QUITTER LE DÉFI|SALIR DEL DESAFÍO|LASCIA LA SFIDA
RANKED|RANGLISTE|CLASSÉ|CLASIFICATORIA|CLASSIFICA
CHALLENGE COMPLETE|AUFGABE GESCHAFFT|DÉFI TERMINÉ|DESAFÍO COMPLETADO|SFIDA COMPLETATA
POINTS|PUNKTE|POINTS|PUNTOS|PUNTI
Nickname (3–20 characters)|Spielername (3–20 Zeichen)|Pseudo (3 à 20 caractères)|Apodo (3–20 caracteres)|Soprannome (3–20 caratteri)
Adjacent|Benachbart|Adjacentes|Adyacentes|Adiacenti
Any letters|Beliebig|Libres|Cualquiera|Qualsiasi
Score: |Punkte: |Score : |Puntos: |Punti: 
Loading results…|Ergebnisse werden geladen…|Chargement des scores…|Cargando resultados…|Caricamento risultati…
Could not load online results.|Online-Ergebnisse nicht verfügbar.|Scores en ligne indisponibles.|Resultados en línea no disponibles.|Risultati online non disponibili.
Practice is available.|Übung ist verfügbar.|L’entraînement est disponible.|La práctica está disponible.|L’allenamento è disponibile.
Refresh to retry.|Zum Wiederholen aktualisieren.|Actualisez pour réessayer.|Actualiza para reintentar.|Aggiorna per riprovare.
No verified results yet.|Noch keine bestätigten Ergebnisse.|Aucun score vérifié pour l’instant.|Aún no hay resultados verificados.|Nessun risultato verificato.
Leave? The challenge timer keeps running.|Verlassen? Die Zeit läuft weiter.|Quitter ? Le chrono continue.|¿Salir? El tiempo sigue corriendo.|Uscire? Il tempo continua a scorrere.
Preparing your word arsenal...|Dein Wortarsenal wird vorbereitet...|Préparation de votre arsenal de mots...|Preparando tu arsenal de palabras...|Preparazione dell’arsenale di parole...
THE ASH FORGE|DIE ASCHESCHMIEDE|LA FORGE DES CENDRES|LA FORJA DE CENIZA|LA FORGIA DELLA CENERE
THE EMERALD GARDENS|DIE SMARAGDGÄRTEN|LES JARDINS D’ÉMERAUDE|LOS JARDINES ESMERALDA|I GIARDINI DI SMERALDO
THE MOON CITADEL|DIE MONDZITADELLE|LA CITADELLE LUNAIRE|LA CIUDADELA LUNAR|LA CITTADELLA LUNARE
Cinder Musketeer|Glutmusketier|Mousquetaire des braises|Mosquetero de brasas|Moschettiere della brace
Furnace Alchemist|Ofenalchemist|Alchimiste du fourneau|Alquimista del horno|Alchimista della fornace
Obsidian Defender|Obsidianverteidiger|Défenseur d’obsidienne|Defensor de obsidiana|Difensore d’ossidiana
THE FORGE TYRANT|DER SCHMIEDETYRANN|LE TYRAN DE LA FORGE|EL TIRANO DE LA FORJA|IL TIRANNO DELLA FORGIA
Verdant Lancer|Grüner Lanzenreiter|Lancier verdoyant|Lancero verde|Lanciere verde
Orchid Keeper|Orchideenhüter|Gardien des orchidées|Guardián de orquídeas|Custode delle orchidee
Jade Stag|Jadehirsch|Cerf de jade|Ciervo de jade|Cervo di giada
THE ANCIENT ROOT|DIE ALTE WURZEL|LA RACINE ANCIENNE|LA RAÍZ ANCESTRAL|LA RADICE ANTICA
Silver Duelist|Silberduellant|Duelliste d’argent|Duelista de plata|Duellante d’argento
Lunar Seer|Mondseher|Voyant lunaire|Vidente lunar|Veggente lunare
Pearl Juggernaut|Perlenkoloss|Colosse nacré|Coloso de perla|Colosso di perla
THE ECLIPSE MONARCH|DER FINSTERNISKÖNIG|LE MONARQUE DE L’ÉCLIPSE|EL MONARCA DEL ECLIPSE|IL SOVRANO DELL’ECLISSI
SUNWARD RUINS|SONNENRUINEN|RUINES DU SOLEIL|RUINAS DEL SOL|ROVINE DEL SOLE
THE SKY BRIDGES|DIE HIMMELSBRÜCKEN|LES PONTS CÉLESTES|LOS PUENTES CELESTES|I PONTI CELESTI
THE OBSERVATORY|DIE STERNWARTE|L’OBSERVATOIRE|EL OBSERVATORIO|L’OSSERVATORIO
Training Sentinel|Übungswächter|Sentinelle d’entraînement|Centinela de entrenamiento|Sentinella d’addestramento
Copper Scout|Kupferspäher|Éclaireur de cuivre|Explorador de cobre|Esploratore di rame
Gatekeeper|Torhüter|Gardien du portail|Guardián de la puerta|Custode del portale
BRONZE WARDEN|BRONZEWÄCHTER|GARDIEN DE BRONZE|GUARDIÁN DE BRONCE|CUSTODE DI BRONZO
Sky Watcher|Himmelswächter|Veilleur du ciel|Vigía del cielo|Osservatore del cielo
Storm Sentinel|Sturmwächter|Sentinelle des tempêtes|Centinela de tormentas|Sentinella della tempesta
Bridge Guardian|Brückenhüter|Gardien du pont|Guardián del puente|Guardiano del ponte
TEMPEST WARDEN|UNWETTERWÄCHTER|GARDIEN DES TEMPÊTES|GUARDIÁN DE LA TEMPESTAD|CUSTODE DELLA TEMPESTA
Astral Sentinel|Astralwächter|Sentinelle astrale|Centinela astral|Sentinella astrale
Archive Keeper|Archivhüter|Gardien des archives|Guardián del archivo|Custode dell’archivio
Sunforged Elite|Sonnenelite|Élite solaire|Élite solar|Élite solare
THE LAST WARDEN|DER LETZTE WÄCHTER|LE DERNIER GARDIEN|EL ÚLTIMO GUARDIÁN|L’ULTIMO CUSTODE
WARDEN|WÄCHTER|GARDIEN|GUARDIÁN|CUSTODE
SENTINEL|WÄCHTER|SENTINELLE|CENTINELA|SENTINELLA
CPU  •  %s  •  +%d COINS|CPU  •  %s  •  +%d MÜNZEN|IA  •  %s  •  +%d PIÈCES|IA  •  %s  •  +%d MONEDAS|IA  •  %s  •  +%d MONETE
DUEL|DUELL|DUEL|DUELO|DUELLO
PREPARE >|VORBEREITEN >|SE PRÉPARER >|PREPARAR >|PREPARATI >
Armor and heavy strikes. Break armor; keep a shield.|Rüstung und schwere Schläge. Brich die Rüstung; halte den Schild bereit.|Armure et coups puissants. Brisez l’armure ; gardez un bouclier.|Armadura y golpes fuertes. Rompe la armadura y guarda un escudo.|Armatura e colpi potenti. Spezza l’armatura; conserva lo scudo.
Armor and healing. Break armor; interrupt heals.|Rüstung und Heilung. Brich die Rüstung; unterbrich Heilungen.|Armure et soins. Brisez l’armure ; interrompez les soins.|Armadura y curación. Rompe la armadura e interrumpe curaciones.|Armatura e cure. Spezza l’armatura; interrompi le cure.
Attack, heal, heavy strike. Read the cycle; break armor.|Angriff, Heilung, schwerer Schlag. Beachte den Zyklus; brich die Rüstung.|Attaque, soin, coup puissant. Suivez le cycle ; brisez l’armure.|Ataque, cura, golpe fuerte. Sigue el ciclo y rompe la armadura.|Attacco, cura, colpo potente. Segui il ciclo; spezza l’armatura.
Every second hit is heavy. Save your shield.|Jeder zweite Schlag ist schwer. Spare deinen Schild.|Un coup sur deux est puissant. Gardez votre bouclier.|Cada segundo golpe es fuerte. Reserva tu escudo.|Un colpo su due è potente. Conserva lo scudo.
Every second hit is heavy. Save Aegis.|Jeder zweite Schlag ist schwer. Spare den Schild.|Un coup sur deux est puissant. Gardez l’Égide.|Cada segundo golpe es fuerte. Reserva Égida.|Un colpo su due è potente. Conserva Egida.
Healing every other turn. Use Arc or Seal.|Heilt jede zweite Runde. Nutze Bogen oder Siegel.|Se soigne un tour sur deux. Utilisez Arc ou Sceau.|Se cura cada dos turnos. Usa Arco o Sello.|Si cura ogni due turni. Usa Arco o Sigillo.
Every second turn heals. Interrupt with Arc.|Heilt jede zweite Runde. Unterbrich mit dem Bogen.|Un soin tous les deux tours. Interrompez avec Arc.|Se cura cada dos turnos. Interrumpe con Arco.|Si cura ogni due turni. Interrompi con Arco.
Armor halves damage. Break it with a 6-tile word.|Rüstung halbiert Schaden. Brich sie mit einem Wort aus 6 Feldern.|L’armure réduit les dégâts de moitié. Brisez-la avec un mot de 6 cases.|La armadura reduce el daño a la mitad. Rómpela con 6 fichas.|L’armatura dimezza i danni. Spezzala con una parola di 6 tessere.
Find words to charge your abilities.|Finde Wörter, um Fähigkeiten aufzuladen.|Trouvez des mots pour charger vos pouvoirs.|Encuentra palabras para cargar habilidades.|Trova parole per caricare le abilità.
Enemy sealed for 20s|Gegner für 20s versiegelt|Ennemi scellé pendant 20s|Enemigo sellado durante 20s|Nemico sigillato per 20s
Seal prevented healing|Siegel verhinderte Heilung|Le sceau a empêché le soin|El sello impidió la curación|Il sigillo ha impedito la cura
%s activated|%s aktiviert|%s activé|%s activado|%s attivato
Pulse and Breach share upgrades|Impuls und Durchbruch teilen Verbesserungen|Impulsion et Brèche partagent les améliorations|Pulso y Brecha comparten mejoras|Impulso e Breccia condividono i miglioramenti
Armor broken!|Rüstung gebrochen!|Armure brisée !|¡Armadura rota!|Armatura spezzata!
Breach fired!|Durchbruch abgefeuert!|Brèche lancée !|¡Brecha disparada!|Breccia lanciata!
Enemy healed. Use Arc before the next heal.|Gegner geheilt. Nutze den Bogen vor der nächsten Heilung.|L’ennemi s’est soigné. Utilisez Arc avant le prochain soin.|El enemigo se curó. Usa Arco antes de la siguiente cura.|Il nemico si è curato. Usa Arco prima della prossima cura.
Win here to unlock BREACH|Gewinne hier für DURCHBRUCH|Gagnez ici pour débloquer BRÈCHE|Gana aquí para desbloquear BRECHA|Vinci qui per sbloccare BRECCIA
Break armor • 6 less damage|Bricht Rüstung • 6 weniger Schaden|Brise l’armure • 6 dégâts en moins|Rompe armadura • 6 menos de daño|Spezza l’armatura • 6 danni in meno
EQUIP PULSE|IMPULS AUSRÜSTEN|ÉQUIPER IMPULSION|EQUIPAR PULSO|EQUIPAGGIA IMPULSO
EQUIP BREACH|DURCHBRUCH AUSRÜSTEN|ÉQUIPER BRÈCHE|EQUIPAR BRECHA|EQUIPAGGIA BRECCIA
BREACH: defeat the Bronze Warden|DURCHBRUCH: Besiege den Bronzewächter|BRÈCHE : battez le Gardien de bronze|BRECHA: derrota al Guardián de Bronce|BRECCIA: sconfiggi il Custode di bronzo
BREACH UNLOCKED — equip in Arsenal|DURCHBRUCH FREI — im Arsenal ausrüsten|BRÈCHE DÉBLOQUÉE — équipez-la dans l’arsenal|BRECHA DESBLOQUEADA — equípala en el arsenal|BRECCIA SBLOCCATA — equipaggiala nell’arsenale
Arc fired!|Bogen abgefeuert!|Arc lancé !|¡Arco disparado!|Arco lanciato!
Direct energy blast|Direkter Energieschlag|Décharge d’énergie directe|Descarga de energía directa|Scarica d’energia diretta
Block the next attack|Blockiert den nächsten Angriff|Bloque la prochaine attaque|Bloquea el siguiente ataque|Blocca il prossimo attacco
Strike and interrupt|Schlägt zu und unterbricht|Frappe et interrompt|Golpea e interrumpe|Colpisce e interrompe
Restore your health|Stellt Leben wieder her|Restaure votre vie|Restaura tu salud|Ripristina la salute
  •  %d ENERGY|  •  %d ENERGIE|  •  %d ÉNERGIE|  •  %d ENERGÍA|  •  %d ENERGIA
FROZEN  %.1fs|GESTOPPT  %.1fs|GELÉ  %.1fs|CONGELADO  %.1fs|BLOCCATO  %.1fs
INCOMING  %.1fs|ANGRIFF IN  %.1fs|ATTAQUE DANS  %.1fs|ATAQUE EN  %.1fs|ATTACCO TRA  %.1fs
Next attack  %ds|Nächster Angriff  %ds|Prochaine attaque  %ds|Próximo ataque  %ds|Prossimo attacco  %ds
%d words  •  %.0fs|%d Wörter  •  %.0fs|%d mots  •  %.0fs|%d palabras  •  %.0fs|%d parole  •  %.0fs
Best word: %s|Bestes Wort: %s|Meilleur mot : %s|Mejor palabra: %s|Parola migliore: %s
%d words found   •   Best: %s|%d Wörter gefunden   •   Bestes: %s|%d mots trouvés   •   Meilleur : %s|%d palabras encontradas   •   Mejor: %s|%d parole trovate   •   Migliore: %s
Your discoveries will appear here after a duel.|Deine Entdeckungen erscheinen hier nach einem Duell.|Vos découvertes apparaîtront ici après un duel.|Tus descubrimientos aparecerán aquí tras un duelo.|Le tue scoperte appariranno qui dopo un duello.
WORDS BECOME POWER|WÖRTER WERDEN KRAFT|LES MOTS DEVIENNENT PUISSANCE|LAS PALABRAS SON PODER|LE PAROLE DIVENTANO POTERE
Link neighboring letters, including diagonals.|Verbinde benachbarte Buchstaben, auch diagonal.|Reliez les lettres voisines, même en diagonale.|Une letras vecinas, también en diagonal.|Collega lettere vicine, anche in diagonale.
Release to submit; drag back to undo a letter.|Loslassen zum Bestätigen; zurückziehen zum Entfernen.|Relâchez pour valider ; revenez pour retirer une lettre.|Suelta para confirmar; retrocede para quitar una letra.|Rilascia per confermare; torna indietro per togliere una lettera.
Colors charge the matching abilities. Tap READY.|Farben laden passende Fähigkeiten. Tippe auf BEREIT.|Les couleurs chargent les pouvoirs associés. Touchez PRÊT.|Los colores cargan sus habilidades. Toca LISTO.|I colori caricano le abilità corrispondenti. Tocca PRONTO.
Long words hit harder. Find each word once per duel.|Lange Wörter treffen härter. Jedes Wort zählt einmal pro Duell.|Les mots longs frappent plus fort. Chaque mot compte une fois par duel.|Las palabras largas golpean más. Cada palabra vale una vez por duelo.|Le parole lunghe colpiscono più forte. Ogni parola vale una volta per duello.
Tap letters + ✓ also works. HINT reveals a path.|Auch Antippen + ✓ geht. TIPP zeigt einen Weg.|Touchez les lettres puis ✓. INDICE révèle un chemin.|También puedes tocar letras + ✓. PISTA muestra una ruta.|Puoi toccare lettere + ✓. INDIZIO rivela un percorso.
Link any letters. Each tile can be used once.|Verbinde beliebige Buchstaben. Jedes Feld einmal.|Reliez librement les lettres. Une seule fois par case.|Une cualquier letra. Cada ficha se usa una vez.|Collega qualsiasi lettera. Ogni tessera si usa una volta.
New duels use these rules. Saved duels keep theirs.|Neue Duelle nutzen diese Regeln. Gespeicherte behalten ihre.|Pour les nouveaux duels. Les duels sauvegardés gardent leurs règles.|Los nuevos duelos usan estas reglas. Los guardados conservan las suyas.|I nuovi duelli usano queste regole. Quelli salvati mantengono le proprie.
A new word. A better moment. Try again.|Ein neues Wort. Ein besserer Moment. Versuch es erneut.|Un nouveau mot. Un meilleur moment. Réessayez.|Una palabra nueva. Un momento mejor. Inténtalo otra vez.|Una parola nuova. Un momento migliore. Riprova.
%d words  •  Best: %s|%d Wörter  •  Bestes: %s|%d mots  •  Meilleur : %s|%d palabras  •  Mejor: %s|%d parole  •  Migliore: %s
+%d coins   •   %.0f seconds|+%d Münzen   •   %.0f Sekunden|+%d pièces   •   %.0f secondes|+%d monedas   •   %.0f segundos|+%d monete   •   %.0f secondi
The observatory is free. Campaign complete!|Die Sternwarte ist frei. Kampagne geschafft!|L’observatoire est libéré. Campagne terminée !|¡El observatorio es libre. Campaña completada!|L’osservatorio è libero. Campagna completata!
START A NEW DUEL?|NEUES DUELL STARTEN?|COMMENCER UN DUEL ?|¿EMPEZAR OTRO DUELO?|INIZIARE UN NUOVO DUELLO?
Your unfinished duel will be replaced.|Dein laufendes Duell wird ersetzt.|Le duel en cours sera remplacé.|Se reemplazará el duelo pendiente.|Il duello in corso verrà sostituito.
Your coins and upgrades are safe.|Münzen und Verbesserungen bleiben erhalten.|Vos pièces et améliorations sont conservées.|Tus monedas y mejoras se conservan.|Monete e miglioramenti restano al sicuro.
LEAVE THE GAME?|SPIEL VERLASSEN?|QUITTER LE JEU ?|¿SALIR DEL JUEGO?|USCIRE DAL GIOCO?
Your progress has been saved.|Dein Fortschritt wurde gespeichert.|Votre progression est sauvegardée.|Tu progreso se ha guardado.|I tuoi progressi sono stati salvati.
%s upgraded to level %d|%s auf Stufe %d verbessert|%s amélioré au niveau %d|%s mejorado al nivel %d|%s migliorato al livello %d
%s  •  %d damage%s|%s  •  %d Schaden%s|%s  •  %d dégâts%s|%s  •  %d daño%s|%s  •  %d danni%s
  •  Board refreshed|  •  Neues Feld|  •  Grille renouvelée|  •  Tablero renovado|  •  Tabellone rinnovato
%s needs %d matching energy|%s benötigt %d passende Energie|%s nécessite %d énergies associées|%s necesita %d de energía de su color|%s richiede %d energia del suo colore
Your shield is already active|Dein Schild ist bereits aktiv|Votre bouclier est déjà actif|Tu escudo ya está activo|Il tuo scudo è già attivo
Health is already full|Leben ist bereits voll|La vie est déjà au maximum|La salud ya está llena|La salute è già al massimo
Pulse fired!|Impuls abgefeuert!|Impulsion lancée !|¡Pulso disparado!|Impulso lanciato!
Shield ready|Schild bereit|Bouclier prêt|Escudo listo|Scudo pronto
Enemy attack interrupted|Gegnerangriff unterbrochen|Attaque ennemie interrompue|Ataque enemigo interrumpido|Attacco nemico interrotto
Health restored|Leben wiederhergestellt|Vie restaurée|Salud restaurada|Salute ripristinata
Shield absorbed the attack|Schild hat den Angriff absorbiert|Le bouclier a absorbé l’attaque|El escudo absorbió el ataque|Lo scudo ha assorbito l’attacco
Enemy hit  −%d HP|Gegnertreffer  −%d LP|Coup ennemi  −%d PV|Golpe enemigo  −%d PV|Colpo nemico  −%d PV
Time frozen — keep finding words|Zeit gestoppt — finde weiter Wörter|Temps figé — continuez à trouver des mots|Tiempo congelado — sigue buscando palabras|Tempo fermo — continua a trovare parole
Fresh board — new possibilities|Neues Feld — neue Möglichkeiten|Nouvelle grille — nouvelles possibilités|Tablero nuevo — nuevas posibilidades|Nuovo tabellone — nuove possibilità
Next word gives double energy|Nächstes Wort gibt doppelte Energie|Le prochain mot double l’énergie|La siguiente palabra da energía doble|La prossima parola dà energia doppia
Try %s — follow the highlighted letters|Versuche %s — folge den markierten Buchstaben|Essayez %s — suivez les lettres éclairées|Prueba %s — sigue las letras resaltadas|Prova %s — segui le lettere illuminate
Old duel could not be restored. Start a new one.|Altes Duell nicht wiederherstellbar. Starte ein neues.|Impossible de restaurer le duel. Commencez-en un autre.|No se pudo restaurar el duelo. Empieza uno nuevo.|Impossibile ripristinare il duello. Iniziane uno nuovo.
Use 3–20 letters, numbers, spaces, _ or -.|Nutze 3–20 Buchstaben, Ziffern, Leerzeichen, _ oder -.|Utilisez 3 à 20 lettres, chiffres, espaces, _ ou -.|Usa 3–20 letras, números, espacios, _ o -.|Usa 3–20 lettere, numeri, spazi, _ o -.
Could not save profile.|Profil konnte nicht gespeichert werden.|Impossible d’enregistrer le profil.|No se pudo guardar el perfil.|Impossibile salvare il profilo.
Connecting…|Verbindung…|Connexion…|Conectando…|Connessione…
Could not start. Check connection and server setup.|Start fehlgeschlagen. Prüfe die Verbindung.|Démarrage impossible. Vérifiez la connexion.|No se pudo iniciar. Revisa la conexión.|Avvio non riuscito. Controlla la connessione.
Today's result is already verified.|Heutiges Ergebnis ist bereits bestätigt.|Le score du jour est déjà vérifié.|El resultado de hoy ya está verificado.|Il risultato di oggi è già verificato.
Saved attempt is invalid.|Gespeicherter Versuch ungültig.|La tentative sauvegardée est invalide.|El intento guardado no es válido.|Il tentativo salvato non è valido.
Could not save attempt.|Versuch konnte nicht gespeichert werden.|Impossible de sauvegarder la tentative.|No se pudo guardar el intento.|Impossibile salvare il tentativo.
Invalid, repeated or too short.|Ungültig, wiederholt oder zu kurz.|Invalide, déjà trouvé ou trop court.|No válida, repetida o muy corta.|Non valida, ripetuta o troppo corta.
Practice only — not on the global list.|Nur Übung — ohne Weltrangliste.|Entraînement — hors classement mondial.|Solo práctica — sin clasificación global.|Solo allenamento — fuori classifica globale.
Verifying result…|Ergebnis wird geprüft…|Vérification du score…|Verificando resultado…|Verifica risultato…
Verified on the global leaderboard.|In der Weltrangliste bestätigt.|Vérifié au classement mondial.|Verificado en la clasificación global.|Verificato nella classifica globale.
Submission expired. This score is not ranked.|Sendefrist abgelaufen. Ergebnis nicht gewertet.|Délai dépassé. Ce score n’est pas classé.|Plazo vencido. Este resultado no se clasifica.|Invio scaduto. Il risultato non è in classifica.
Not uploaded. Retry within 30 seconds of the end.|Nicht gesendet. Innerhalb von 30 Sekunden nach Ende wiederholen.|Non envoyé. Réessayez dans les 30 secondes après la fin.|No enviado. Reintenta en los 30 segundos tras el final.|Non inviato. Riprova entro 30 secondi dalla fine.
YOUR PROFILE|DEIN PROFIL|VOTRE PROFIL|TU PERFIL|IL TUO PROFILO
120 seconds · no hints or upgrades|120 Sekunden · ohne Tipps oder Verbesserungen|120 secondes · sans indices ni améliorations|120 segundos · sin pistas ni mejoras|120 secondi · senza indizi né miglioramenti
One ranked attempt per day/category|Ein gewerteter Versuch pro Tag/Kategorie|Un essai classé par jour/catégorie|Un intento clasificado por día/categoría|Un tentativo classificato al giorno/categoria
Online service is not connected yet.|Online-Dienst noch nicht verbunden.|Service en ligne non connecté.|Servicio en línea aún sin conectar.|Servizio online non ancora connesso.
PREVIEW · test scores are not published|VORSCHAU · Testergebnisse werden nicht veröffentlicht|APERÇU · les scores de test ne sont pas publiés|VISTA PREVIA · no se publican resultados de prueba|ANTEPRIMA · i risultati di prova non vengono pubblicati
No connection. Your result stays saved.\nTap here to retry.|Keine Verbindung. Ergebnis bleibt gespeichert.\nHier tippen zum Wiederholen.|Aucune connexion. Votre score est conservé.\nTouchez ici pour réessayer.|Sin conexión. Tu resultado está guardado.\nToca aquí para reintentar.|Nessuna connessione. Il risultato è salvato.\nTocca qui per riprovare.
Personal records on this device|Persönliche Rekorde auf diesem Gerät|Records personnels sur cet appareil|Récords personales de este dispositivo|Record personali su questo dispositivo
%d pts · wave %d|%d Pkt. · Welle %d|%d pts · vague %d|%d pts · oleada %d|%d pt · ondata %d
OFFLINE  •  SOLO CAMPAIGN|OFFLINE  •  SOLOKAMPAGNE|HORS LIGNE  •  CAMPAGNE SOLO|SIN CONEXIÓN  •  CAMPAÑA INDIVIDUAL|OFFLINE  •  CAMPAGNA SINGOLA
CAMPAIGN  •  DAILY CHALLENGE|KAMPAGNE  •  TAGESAUFGABE|CAMPAGNE  •  DÉFI DU JOUR|CAMPAÑA  •  DESAFÍO DIARIO|CAMPAGNA  •  SFIDA GIORNALIERA
An original offline word-combat adventure.|Ein eigenständiges Offline-Wortkampfabenteuer.|Une aventure originale de combats de mots hors ligne.|Una aventura original de combate con palabras sin conexión.|Un’avventura originale di battaglie di parole offline.
Built with Godot 4.7.2 (MIT).|Erstellt mit Godot 4.7.2 (MIT).|Créé avec Godot 4.7.2 (MIT).|Creado con Godot 4.7.2 (MIT).|Creato con Godot 4.7.2 (MIT).
Original AI-assisted art and synthesized sound.|Originale KI-gestützte Grafik und synthetischer Klang.|Illustrations originales assistées par IA et sons synthétisés.|Arte original asistido por IA y sonido sintetizado.|Grafica originale assistita da IA e suoni sintetizzati.
Full notices included in the project and app package.|Vollständige Lizenzen im Projekt und App-Paket.|Licences complètes dans le projet et l’application.|Licencias completas en el proyecto y la aplicación.|Licenze complete nel progetto e nell’applicazione.
Dictionaries: SCOWL / LibreOffice. See included licenses.|Wörterbücher: SCOWL / LibreOffice. Lizenzen beiliegend.|Dictionnaires : SCOWL / LibreOffice. Licences incluses.|Diccionarios: SCOWL / LibreOffice. Licencias incluidas.|Dizionari: SCOWL / LibreOffice. Licenze incluse.
Music: Joth / TAD · CC0 recordings.|Musik: Joth / TAD · CC0-Aufnahmen.|Musique : Joth / TAD · enregistrements CC0.|Música: Joth / TAD · grabaciones CC0.|Musica: Joth / TAD · registrazioni CC0.
Impact plus three burning ticks.|Treffer mit drei Brandschüben.|Impact suivi de trois brûlures.|Impacto y tres pulsos de quemadura.|Impatto e tre impulsi di bruciatura.
Burn bypasses armor; refreshes.|Brand umgeht Rüstung; wird erneuert.|La brûlure ignore l’armure ; se renouvelle.|La quemadura ignora armadura; se renueva.|Il fuoco ignora l’armatura; si rinnova.
Last word adds up to 30 damage.|Letztes Wort gibt bis zu 30 Schaden.|Le dernier mot ajoute jusqu’à 30 dégâts.|La última palabra añade hasta 30 de daño.|L’ultima parola aggiunge fino a 30 danni.
Longer words create a stronger shot.|Längere Wörter verstärken den Schuss.|Les mots longs renforcent le tir.|Las palabras largas refuerzan el disparo.|Le parole lunghe rafforzano il colpo.
One shield pool for two hits.|Ein Schildvorrat für zwei Treffer.|Un bouclier partagé sur deux coups.|Un escudo compartido para dos golpes.|Uno scudo condiviso per due colpi.
Second hit uses the remaining shield.|Zweiter Treffer nutzt den Restschild.|Le second coup utilise le reste.|El segundo golpe usa el escudo restante.|Il secondo colpo usa lo scudo rimasto.
Damage heals you by half on impact.|Die Hälfte des Schadens heilt dich.|La moitié des dégâts vous soigne.|La mitad del daño restaura tu salud.|Metà dei danni ripristina la salute.
Armor and remaining enemy HP matter.|Rüstung und Restleben beeinflussen es.|L’armure et la vie restante comptent.|Influyen la armadura y la salud restante.|Contano armatura e salute nemica rimasta.
A direct energy blast.|Ein direkter Energieschlag.|Une décharge d’énergie directe.|Una descarga de energía directa.|Una scarica d’energia diretta.
Fast, reliable damage.|Schneller, zuverlässiger Schaden.|Des dégâts rapides et fiables.|Daño rápido y fiable.|Danni rapidi e affidabili.
Breaks armor on impact.|Bricht Rüstung beim Treffer.|Brise l’armure à l’impact.|Rompe la armadura al impactar.|Spezza l’armatura all’impatto.
6 less damage than Pulse.|6 Schaden weniger als Impuls.|6 dégâts de moins qu’Impulsion.|6 menos de daño que Pulso.|6 danni in meno di Impulso.
Absorbs the next attack.|Absorbiert den nächsten Angriff.|Absorbe la prochaine attaque.|Absorbe el siguiente ataque.|Assorbe il prossimo attacco.
Unused protection expires.|Ungenutzter Schutz verfällt.|La protection inutilisée expire.|La protección sobrante caduca.|La protezione inutilizzata scade.
Shields the next attack.|Schützt vor dem nächsten Angriff.|Protège de la prochaine attaque.|Protege del siguiente ataque.|Protegge dal prossimo attacco.
Reflects half the absorbed hit.|Wirft die Hälfte des Treffers zurück.|Renvoie la moitié du coup absorbé.|Devuelve la mitad del golpe absorbido.|Riflette metà del colpo assorbito.
Strikes and delays the enemy.|Trifft und verzögert den Gegner.|Frappe et retarde l’ennemi.|Golpea y retrasa al enemigo.|Colpisce e rallenta il nemico.
Interrupts a pending heal.|Unterbricht angekündigte Heilung.|Interrompt un soin imminent.|Interrumpe una curación pendiente.|Interrompe una cura imminente.
Marks the enemy for 20s.|Markiert den Gegner für 20s.|Marque l’ennemi pendant 20s.|Marca al enemigo durante 20s.|Segna il nemico per 20s.
Cancels their next healing turn.|Verhindert die nächste Heilung.|Annule son prochain tour de soin.|Anula su siguiente turno de curación.|Annulla il prossimo turno di cura.
Restores health immediately.|Stellt sofort Leben wieder her.|Restaure la vie immédiatement.|Restaura salud de inmediato.|Ripristina subito la salute.
Best when danger is close.|Ideal bei naher Gefahr.|Idéal quand le danger approche.|Ideal cuando se acerca el peligro.|Ideale quando il pericolo è vicino.
Heals now and every 2s for 8s.|Heilt sofort und alle 2s für 8s.|Soigne puis toutes les 2s pendant 8s.|Cura ahora y cada 2s durante 8s.|Cura subito e ogni 2s per 8s.
Recasting refreshes the effect.|Erneuter Einsatz erneuert den Effekt.|Relancer renouvelle l’effet.|Reutilizar renueva el efecto.|Riutilizzarlo rinnova l’effetto.
Words of 7+ tiles deal +4 damage.|Wörter ab 7 Feldern: +4 Schaden.|Mots de 7 cases ou plus : +4 dégâts.|Palabras de 7 fichas o más: +4 daño.|Parole di almeno 7 tessere: +4 danni.
Passive. Campaign and Endless.|Passiv. Kampagne und Endlos.|Passif. Campagne et sans fin.|Pasivo. Campaña y sin fin.|Passivo. Campagna e infinito.
Stores 2 excess energy per color.|Speichert 2 Restenergie pro Farbe.|Stocke 2 énergies en trop par couleur.|Guarda 2 de energía extra por color.|Conserva 2 energie extra per colore.
Returns it after firing that ability.|Gibt sie nach Fähigkeitseinsatz zurück.|Les restitue après activation.|La devuelve tras usar la habilidad.|Le restituisce dopo l’abilità.
LEVEL %d REWARD|BELOHNUNG STUFE %d|RÉCOMPENSE NIVEAU %d|RECOMPENSA NIVEL %d|RICOMPENSA LIVELLO %d
HOW TO USE|ANWENDUNG|UTILISATION|CÓMO USAR|COME SI USA
Equip the artifact in the Arsenal before battle.|Rüste das Artefakt vor dem Kampf im Arsenal aus.|Équipez l’artefact dans l’arsenal avant le combat.|Equipa el artefacto en el arsenal antes de luchar.|Equipaggia l’artefatto nell’arsenale prima della battaglia.
Its effect is automatic; no energy is needed.|Wirkt automatisch; benötigt keine Energie.|Effet automatique ; aucune énergie nécessaire.|Su efecto es automático; no necesita energía.|L’effetto è automatico; non richiede energia.
gold|goldene|dorées|doradas|dorate
blue|blaue|bleues|azules|blu
purple|violette|violettes|moradas|viola
green|grüne|vertes|verdes|verdi
Equip in the Arsenal. Link %s letters to charge it.|Im Arsenal ausrüsten. Verbinde %s Buchstaben zum Laden.|Équipez dans l’arsenal. Reliez les lettres %s pour charger.|Equipa en el arsenal. Une letras %s para cargarlo.|Equipaggia nell’arsenale. Collega lettere %s per caricarlo.
At %d energy, tap its medallion during battle.|Bei %d Energie im Kampf auf das Medaillon tippen.|À %d énergies, touchez son médaillon pendant le combat.|Con %d de energía, toca su medallón en batalla.|A %d energia, tocca il medaglione durante la battaglia.
